round_epochs,val_loss,val_top_2_categorical_accuracy,loss,top_2_categorical_accuracy,batch_size,epochs,losses,lr,optimizer
200,0.9951546092828115,0.8979166696468989,0.9222968786395587,0.9025916025189016,40,200,categorical_crossentropy,0.01,RMSprop
100,1.0617057830095291,0.9020833261311054,0.9903748856792501,0.8963360076934979,30,100,categorical_crossentropy,0.01,RMSprop
200,0.9344574734568596,0.8999999910593033,0.9212746430018632,0.8981233096953691,30,200,categorical_crossentropy,0.001,Adamax
200,1.00232695043087,0.8979166746139526,1.027724447582746,0.8802502262901258,40,200,categorical_crossentropy,0.01,SGD
200,1.0908852629363537,0.9041666500270367,0.9344345668365744,0.913315455811273,30,200,categorical_crossentropy,0.001,RMSprop
200,0.9238612602154413,0.90625,0.8289844086918051,0.9249329782150173,40,200,categorical_crossentropy,0.005,Adam
100,1.0283990542093913,0.8958333333333334,1.0548218487627918,0.8695263620782261,32,100,categorical_crossentropy,0.01,SGD
