round_epochs,val_loss,val_top_2_categorical_accuracy,loss,top_2_categorical_accuracy,batch_size,epochs,losses,lr,optimizer
100,1.0965536151613509,0.8673469339098249,1.1645186952072932,0.8564760722176475,30,100,categorical_crossentropy,0.005,RMSprop
200,1.1114326107258699,0.8768707469207089,1.1194408872581,0.869311550325663,40,200,categorical_crossentropy,0.001,RMSprop
200,1.0115541620319393,0.8748299315673154,1.0105377032292209,0.8707701283547258,32,200,categorical_crossentropy,0.001,Adamax
100,1.0034246310084856,0.876870747893846,1.0182686248487742,0.867561260210035,32,100,categorical_crossentropy,0.01,Adam
200,1.0770676744227508,0.8673469326934036,1.1112674404122587,0.844807464364251,30,200,categorical_crossentropy,0.01,SGD
200,0.9770270257580037,0.8789115608954916,0.9708136266908123,0.8774795728706284,30,200,categorical_crossentropy,0.01,Adam
100,1.0406440851639729,0.8748299315673154,1.0741001136661827,0.852975495915986,32,100,categorical_crossentropy,0.01,Adamax
