round_epochs,loss,top_2_categorical_accuracy,activation,batch_size,epochs,losses,lr,optimizer
200,0.9056015673296411,0.9016759777202287,relu,32,200,categorical_crossentropy,0.001,Adamax
200,0.8058633270876367,0.9273743016759777,relu,32,200,categorical_crossentropy,0.001,Adam
300,0.8698748337489932,0.9027932962225802,relu,32,300,categorical_crossentropy,0.001,Adamax
300,0.7184009780430927,0.9452513956490841,relu,32,300,categorical_crossentropy,0.001,Adam
400,0.8031992294934874,0.9251396648710667,relu,32,400,categorical_crossentropy,0.001,Adamax
400,0.6493289270880502,0.9530726246993635,relu,32,400,categorical_crossentropy,0.001,Adam
200,0.9010698995776683,0.9016759780532155,relu,64,200,categorical_crossentropy,0.001,Adamax
200,0.8798101955951925,0.9016759780532155,relu,64,200,categorical_crossentropy,0.001,Adam
300,0.8661341204323583,0.9106145256058464,relu,64,300,categorical_crossentropy,0.001,Adamax
300,0.7588282777610438,0.9318435756187865,relu,64,300,categorical_crossentropy,0.001,Adam
400,0.8323907749612904,0.920670391327842,relu,64,400,categorical_crossentropy,0.001,Adamax
400,0.7112035633465431,0.9363128493618033,relu,64,400,categorical_crossentropy,0.001,Adam
200,0.9691326879922239,0.8882681548928415,relu,128,200,categorical_crossentropy,0.001,Adamax
200,0.8855732339054513,0.8994413392503834,relu,128,200,categorical_crossentropy,0.001,Adam
300,0.9010730767383256,0.9039106140589581,relu,128,300,categorical_crossentropy,0.001,Adamax
300,0.8291030749928352,0.9094972041066133,relu,128,300,categorical_crossentropy,0.001,Adam
400,0.9004631286226837,0.8983240208146293,relu,128,400,categorical_crossentropy,0.001,Adamax
400,0.7604496778722581,0.9418994382107058,relu,128,400,categorical_crossentropy,0.001,Adam
200,0.9397328705095046,0.8972067029782513,sigmoid,32,200,categorical_crossentropy,0.001,Adamax
200,0.8973028785023609,0.9039106135927765,sigmoid,32,200,categorical_crossentropy,0.001,Adam
300,0.9161471663906587,0.9016759777202287,sigmoid,32,300,categorical_crossentropy,0.001,Adamax
300,0.8619201700114671,0.9150837990158763,sigmoid,32,300,categorical_crossentropy,0.001,Adam
400,0.8998228506003012,0.8994413398497597,sigmoid,32,400,categorical_crossentropy,0.001,Adamax
400,0.8504972417261347,0.9173184347552295,sigmoid,32,400,categorical_crossentropy,0.001,Adam
200,0.9589757008259523,0.8960893858744445,sigmoid,64,200,categorical_crossentropy,0.001,Adamax
200,0.9226107476143863,0.898324022945745,sigmoid,64,200,categorical_crossentropy,0.001,Adam
300,0.9328238477254047,0.9039106147915291,sigmoid,64,300,categorical_crossentropy,0.001,Adamax
300,0.8965272417281593,0.9061452516630375,sigmoid,64,300,categorical_crossentropy,0.001,Adam
400,0.8946129816204476,0.8938547491361309,sigmoid,64,400,categorical_crossentropy,0.001,Adamax
400,0.8685020070502212,0.9173184360205794,sigmoid,64,400,categorical_crossentropy,0.001,Adam
200,0.9970152538581933,0.8916201080689883,sigmoid,128,200,categorical_crossentropy,0.001,Adamax
200,0.9524588562256797,0.8994413392503834,sigmoid,128,200,categorical_crossentropy,0.001,Adam
300,0.9740714194388364,0.894972062843472,sigmoid,128,300,categorical_crossentropy,0.001,Adamax
300,0.9261189476737763,0.897206702378875,sigmoid,128,300,categorical_crossentropy,0.001,Adam
400,0.950742563721854,0.8983240208146293,sigmoid,128,400,categorical_crossentropy,0.001,Adamax
400,0.8914090265108886,0.9094972057049501,sigmoid,128,400,categorical_crossentropy,0.001,Adam
