round_epochs,loss,top_2_categorical_accuracy,activation,batch_size,epochs,losses,lr,optimizer
200,1.0976047025467688,0.8694383661126152,relu,32,200,categorical_crossentropy,0.001,RMSProp
200,1.0020492903774103,0.8752735231498312,relu,32,200,categorical_crossentropy,0.001,Adamax
200,0.9621561087456,0.8814733770535341,relu,32,200,categorical_crossentropy,0.001,Adam
200,1.0903492612094448,0.8672501822182247,relu,32,200,categorical_crossentropy,0.005,RMSProp
200,1.01929622240783,0.8701677605846692,relu,32,200,categorical_crossentropy,0.005,Adamax
200,0.9425612951524931,0.8913202041000627,relu,32,200,categorical_crossentropy,0.005,Adam
200,1.0966768323896925,0.8665207875722695,relu,32,200,categorical_crossentropy,0.025,RMSProp
200,1.012278579343939,0.8716265500504808,relu,32,200,categorical_crossentropy,0.025,Adamax
200,0.946832638035544,0.8803792852802402,relu,32,200,categorical_crossentropy,0.025,Adam
