round_epochs,val_loss,val_top_2_categorical_accuracy,loss,top_2_categorical_accuracy,activation,batch_size,epochs,losses,lr,optimizer
300,0.960323707262675,0.89375,0.916973662653387,0.899910633749361,sigmoid,64,300,categorical_crossentropy,0.005,Adam
200,0.9672941287358602,0.8979166666666667,0.9386650524147927,0.8963360144050128,sigmoid,64,200,categorical_crossentropy,0.025,RMSProp
300,0.9728378534317017,0.89375,0.886091430875422,0.9052725648965231,relu,64,300,categorical_crossentropy,0.001,Adamax
200,0.9763990203539531,0.8958333333333334,0.9489382306202061,0.8972296686019079,sigmoid,32,200,categorical_crossentropy,0.025,Adamax
300,0.9819989482561747,0.900000003973643,0.8538076029066746,0.9106344937532475,relu,128,300,categorical_crossentropy,0.005,Adam
400,0.9795780698458354,0.8958333373069763,0.9509327967748565,0.8954423593025957,sigmoid,128,400,categorical_crossentropy,0.001,Adamax
300,0.9726940512657165,0.8958333333333334,0.9042742045145146,0.9043789089418501,sigmoid,64,300,categorical_crossentropy,0.001,Adam
200,1.0333364526430766,0.8916666626930236,0.8896693733784639,0.8963360152572687,relu,128,200,categorical_crossentropy,0.005,RMSProp
400,0.9796208262443542,0.8958333373069763,0.9613920958368133,0.8990169772087622,sigmoid,128,400,categorical_crossentropy,0.005,Adamax
300,0.9864503423372905,0.8979166666666667,0.9061910165964865,0.8990169794991999,sigmoid,32,300,categorical_crossentropy,0.005,RMSProp
300,0.9921190579732259,0.9,0.8865548767502336,0.9025915988435481,relu,64,300,categorical_crossentropy,0.005,Adamax
200,0.9784384965896606,0.8958333333333334,0.9476683355528293,0.904378909847372,sigmoid,32,200,categorical_crossentropy,0.005,Adamax
400,0.9960180242856344,0.8916666706403097,0.8807067281971881,0.9088471873302988,relu,128,400,categorical_crossentropy,0.005,Adamax
200,0.9694065531094869,0.8979166666666667,0.9116197786126635,0.903485254744955,sigmoid,64,200,categorical_crossentropy,0.025,Adam
200,0.9761063933372498,0.8979166666666667,0.9128243785760997,0.900804289118108,relu,128,200,categorical_crossentropy,0.025,Adam
