round_epochs,loss,top_2_categorical_accuracy,activation,batch_size,epochs,losses,optimizer
200,0.9616755762730889,0.899016978753476,relu,32,200,categorical_crossentropy,RMSProp
200,0.9001854816326826,0.89901697870021,relu,32,200,categorical_crossentropy,Adamax
200,0.8151114955877384,0.9168900804289544,relu,32,200,categorical_crossentropy,Adam
300,0.9770801594685613,0.9079535291917202,relu,32,300,categorical_crossentropy,RMSProp
300,0.8663364571050621,0.9097408393432883,relu,32,300,categorical_crossentropy,Adamax
