round_epochs,val_loss,val_top_2_categorical_accuracy,loss,top_2_categorical_accuracy,activation,batch_size,epochs,losses,optimizer
300,1.0982584953308105,0.8571428571428571,0.7950415723150669,0.9173184362869689,relu,64,300,categorical_crossentropy,Adam
200,0.9792313320296151,0.8883928571428571,0.9766530900028165,0.8893854754597115,sigmoid,64,200,categorical_crossentropy,Adamax
400,1.1192991137504578,0.8526785714285714,0.7322934073442854,0.9363128495615954,relu,64,400,categorical_crossentropy,Adam
300,0.9847696338381086,0.8839285714285714,0.9645108417425742,0.8972067043767961,sigmoid,64,300,categorical_crossentropy,Adamax
400,1.0109903982707433,0.8928571428571429,0.885891813006481,0.907262569965597,sigmoid,32,400,categorical_crossentropy,Adam
