round_epochs,loss,top_2_categorical_accuracy,activation,batch_size,epochs,losses,optimizer
200,0.9468392812854164,0.899016978646944,relu,32,200,categorical_crossentropy,RMSProp
200,0.9005307327220224,0.8990169794991999,relu,32,200,categorical_crossentropy,Adamax
200,0.8293578430837132,0.9115281493883244,relu,32,200,categorical_crossentropy,Adam
300,0.9208438705929269,0.9008042897040339,relu,32,300,categorical_crossentropy,RMSProp
300,0.8560037895757455,0.9115281501340483,relu,32,300,categorical_crossentropy,Adamax
