round_epochs,val_loss,val_top_2_categorical_accuracy,loss,top_2_categorical_accuracy,activation,batch_size,epochs,losses,optimizer
400,1.0567437926928203,0.8895833333333333,0.8315750573552859,0.9159964246340795,relu,64,400,categorical_crossentropy,RMSProp
400,0.9247234622637431,0.8895833333333333,0.8558984897411541,0.9186773905805224,relu,64,400,categorical_crossentropy,Adamax
300,0.9278401613235474,0.8958333333333334,0.8486535740921388,0.9159964253798034,relu,32,300,categorical_crossentropy,Adamax
400,0.9940616408983867,0.887500003973643,0.9208700872085476,0.9088471854659891,sigmoid,128,400,categorical_crossentropy,Adamax
200,0.9855862140655518,0.8854166626930237,0.8808567640608821,0.8999106331634351,relu,128,200,categorical_crossentropy,RMSProp
