round_epochs,val_loss,val_top_2_categorical_accuracy,loss,top_2_categorical_accuracy,activation,batch_size,epochs,losses,optimizer
300,0.936813201223101,0.9151785714285714,0.9463336556983394,0.8983240192162923,sigmoid,128,300,categorical_crossentropy,RMSProp
200,0.9373377135821751,0.9196428571428571,0.9400912101708311,0.8960893855414577,sigmoid,32,200,categorical_crossentropy,Adamax
400,0.9538095848900932,0.9196428571428571,0.8862841513569795,0.9106145241407043,sigmoid,32,400,categorical_crossentropy,Adam
300,0.9402183720043727,0.9017857142857143,0.9111550802625091,0.9027932951570223,sigmoid,32,300,categorical_crossentropy,RMSProp
200,0.9166423167501178,0.9107142857142857,0.942758331884885,0.9005586583521114,relu,32,200,categorical_crossentropy,Adamax
