round_epochs,loss,top_2_categorical_accuracy,activation,batch_size,epochs,losses,optimizer
200,0.9291184143450275,0.8427672903492766,relu,32,200,categorical_crossentropy,RMSProp
200,1.1486951607578206,0.7987421394893958,relu,32,200,categorical_crossentropy,Adamax
200,1.008125202460859,0.8238993673204625,relu,32,200,categorical_crossentropy,Adam
300,0.8056435742468204,0.8867924532050606,relu,32,300,categorical_crossentropy,RMSProp
300,1.0395461470825866,0.830188680369899,relu,32,300,categorical_crossentropy,Adamax
300,0.8341230768827522,0.9245282962637128,relu,32,300,categorical_crossentropy,Adam
