round_epochs,val_loss,val_top_2_categorical_accuracy,loss,top_2_categorical_accuracy,activation,batch_size,epochs,losses,optimizer
300,0.8607809713908604,0.9330357142857143,0.8423302555217423,0.905027933360478,relu,64,300,categorical_crossentropy,RMSProp
300,0.8777600356510707,0.9330357142857143,0.793479131986309,0.925139664937664,relu,64,300,categorical_crossentropy,Adam
200,0.9076335515294757,0.9241071428571429,0.9462349386188571,0.8994413445115755,sigmoid,128,200,categorical_crossentropy,Adamax
400,0.841724055153983,0.9464285714285714,0.8072553450834817,0.9195530726922957,relu,32,400,categorical_crossentropy,Adamax
200,0.8772220526422773,0.9285714370863778,0.8754308329614181,0.9094972041066133,relu,128,200,categorical_crossentropy,Adam
