round_epochs,loss,top_2_categorical_accuracy,activation,batch_size,epochs,losses,optimizer
200,0.9945206979857266,0.8900804290609555,relu,32,200,categorical_crossentropy,RMSProp
200,0.9528155004584011,0.8900804282086997,relu,32,200,categorical_crossentropy,Adamax
200,0.8305469733247595,0.9159964254330694,relu,32,200,categorical_crossentropy,Adam
300,1.0453789109518956,0.8909740841101066,relu,32,300,categorical_crossentropy,RMSProp
300,0.9051772973918829,0.90259159974907,relu,32,300,categorical_crossentropy,Adamax
300,0.7596787070993657,0.9276139402730429,relu,32,300,categorical_crossentropy,Adam
400,1.0004237340538495,0.8963360134994909,relu,32,400,categorical_crossentropy,RMSProp
400,0.8829965076348524,0.9025915988968141,relu,32,400,categorical_crossentropy,Adamax
